{"cameraMode":{"drawMode":0,"name":"Shaded","section":"Shading Mode"},"sceneLighting":true,"audioPlay":false,"sceneViewState":{"m_AlwaysRefresh":false,"showFog":true,"showSkybox":true,"showFlares":true,"showImageEffects":true,"showParticleSystems":true,"showVisualEffectGraphs":true,"m_FxEnabled":true},"in2DMode":false,"pivot":{"x":24.72943115234375,"y":5.356348037719727,"z":26.665855407714845},"rotation":{"x":0.10178421437740326,"y":-0.8905107378959656,"z":0.24531394243240357,"w":0.3694796562194824},"size":15.522497177124024,"orthographic":false}