{"cameraMode":{"drawMode":0,"name":"Shaded","section":"Shading Mode"},"sceneLighting":true,"audioPlay":false,"sceneViewState":{"m_AlwaysRefresh":false,"showFog":true,"showSkybox":true,"showFlares":true,"showImageEffects":true,"showParticleSystems":true,"showVisualEffectGraphs":true,"m_FxEnabled":true},"in2DMode":false,"pivot":{"x":8.509502410888672,"y":-1.2489376068115235,"z":12.370471954345704},"rotation":{"x":0.17605504393577577,"y":-0.7889443635940552,"z":0.26390594244003298,"w":0.5262905955314636},"size":24.99934196472168,"orthographic":false}