{"cameraMode":{"drawMode":0,"name":"Shaded","section":"Shading Mode"},"sceneLighting":true,"audioPlay":false,"sceneViewState":{"m_AlwaysRefresh":false,"showFog":true,"showSkybox":true,"showFlares":true,"showImageEffects":true,"showParticleSystems":true,"showVisualEffectGraphs":true,"m_FxEnabled":true},"in2DMode":false,"pivot":{"x":583.082763671875,"y":311.3139343261719,"z":209.57977294921876},"rotation":{"x":-0.018896551802754403,"y":0.008091221563518048,"z":-0.00015206620446406305,"w":-0.9997931122779846},"size":634.1854858398438,"orthographic":true}