{"cameraMode":{"drawMode":0,"name":"Shaded","section":"Shading Mode"},"sceneLighting":false,"audioPlay":false,"sceneViewState":{"m_AlwaysRefresh":false,"showFog":true,"showSkybox":false,"showFlares":true,"showImageEffects":true,"showParticleSystems":true,"showVisualEffectGraphs":true,"m_FxEnabled":true},"in2DMode":false,"pivot":{"x":9.176368713378907,"y":1.1299999952316285,"z":-0.5841021537780762},"rotation":{"x":0.024549366906285287,"y":-0.9669739603996277,"z":0.2323443740606308,"w":0.10219310969114304},"size":1.299038052558899,"orthographic":false}